[{
	"LineItemID": "LineItemID_1",
	"ObjectID": "ObjectID_1",
	"Name": "Line Item 1",
	"Attribute": "Attribute A",
	"UnitOfMeasure": "UoM",
	"UnitNumber": 23
}, {
	"LineItemID": "LineItemID_2",
	"ObjectID": "ObjectID_1",
	"Name": "Line Item 2",
	"Attribute": "Attribute B",
	"UnitOfMeasure": "UoM",
	"UnitNumber": 42
}, {
	"LineItemID": "LineItemID_3",
	"ObjectID": "ObjectID_1",
	"Name": "Line Item 3",
	"Attribute": "Attribute C",
	"UnitOfMeasure": "UoM",
	"UnitNumber": 27
}, {
	"LineItemID": "LineItemID_4",
	"ObjectID": "ObjectID_1",
	"Name": "Line Item 4",
	"Attribute": "Attribute D",
	"UnitOfMeasure": "UoM",
	"UnitNumber": 76
}, {
	"LineItemID": "LineItemID_5",
	"ObjectID": "ObjectID_2",
	"Name": "Line Item 5",
	"Attribute": "Attribute E",
	"UnitOfMeasure": "UoM",
	"UnitNumber": 568
}, {
	"LineItemID": "LineItemID_6",
	"ObjectID": "ObjectID_3",
	"Name": "Line Item 6",
	"Attribute": "Attribute F",
	"UnitOfMeasure": "UoM",
	"UnitNumber": 453
}, {
	"LineItemID": "LineItemID_7",
	"ObjectID": "ObjectID_3",
	"Name": "Line Item 7",
	"Attribute": "Attribute G",
	"UnitOfMeasure": "UoM",
	"UnitNumber": 736
}, {
	"LineItemID": "LineItemID_8",
	"ObjectID": "ObjectID_3",
	"Name": "Line Item 8",
	"Attribute": "Attribute H",
	"UnitOfMeasure": "UoM",
	"UnitNumber": 123
}, {
	"LineItemID": "LineItemID_9",
	"ObjectID": "ObjectID_4",
	"Name": "Line Item 9",
	"Attribute": "Attribute I",
	"UnitOfMeasure": "UoM",
	"UnitNumber": 13
}, {
	"LineItemID": "LineItemID_10",
	"ObjectID": "ObjectID_4",
	"Name": "Line Item 10",
	"Attribute": "Attribute J",
	"UnitOfMeasure": "UoM",
	"UnitNumber": 23
}, {
	"LineItemID": "LineItemID_11",
	"ObjectID": "ObjectID_5",
	"Name": "Line Item 11",
	"Attribute": "Attribute K",
	"UnitOfMeasure": "UoM",
	"UnitNumber": 23
}, {
	"LineItemID": "LineItemID_12",
	"ObjectID": "ObjectID_5",
	"Name": "Line Item 12",
	"Attribute": "Attribute L",
	"UnitOfMeasure": "UoM",
	"UnitNumber": 123
}, {
	"LineItemID": "LineItemID_13",
	"ObjectID": "ObjectID_5",
	"Name": "Line Item 13",
	"Attribute": "Attribute M",
	"UnitOfMeasure": "UoM",
	"UnitNumber": 43
}, {
	"LineItemID": "LineItemID_14",
	"ObjectID": "ObjectID_6",
	"Name": "Line Item 14",
	"Attribute": "Attribute N",
	"UnitOfMeasure": "UoM",
	"UnitNumber": 37
}, {
	"LineItemID": "LineItemID_15",
	"ObjectID": "ObjectID_6",
	"Name": "Line Item 15",
	"Attribute": "Attribute O",
	"UnitOfMeasure": "UoM",
	"UnitNumber": 599
}, {
	"LineItemID": "LineItemID_16",
	"ObjectID": "ObjectID_6",
	"Name": "Line Item 16",
	"Attribute": "Attribute P",
	"UnitOfMeasure": "UoM",
	"UnitNumber": 7
}, {
	"LineItemID": "LineItemID_17",
	"ObjectID": "ObjectID_7",
	"Name": "Line Item 17",
	"Attribute": "Attribute Q",
	"UnitOfMeasure": "UoM",
	"UnitNumber": 31
}, {
	"LineItemID": "LineItemID_18",
	"ObjectID": "ObjectID_7",
	"Name": "Line Item 18",
	"Attribute": "Attribute R",
	"UnitOfMeasure": "UoM",
	"UnitNumber": 82
}, {
	"LineItemID": "LineItemID_19",
	"ObjectID": "ObjectID_7",
	"Name": "Line Item 19",
	"Attribute": "Attribute S",
	"UnitOfMeasure": "UoM",
	"UnitNumber": 19
}, {
	"LineItemID": "LineItemID_20",
	"ObjectID": "ObjectID_8",
	"Name": "Line Item 20",
	"Attribute": "Attribute T",
	"UnitOfMeasure": "UoM",
	"UnitNumber": 429
}, {
	"LineItemID": "LineItemID_21",
	"ObjectID": "ObjectID_8",
	"Name": "Line Item 21",
	"Attribute": "Attribute U",
	"UnitOfMeasure": "UoM",
	"UnitNumber": 43
}, {
	"LineItemID": "LineItemID_22",
	"ObjectID": "ObjectID_9",
	"Name": "Line Item 22",
	"Attribute": "Attribute V",
	"UnitOfMeasure": "UoM",
	"UnitNumber": 237
}, {
	"LineItemID": "LineItemID_23",
	"ObjectID": "ObjectID_9",
	"Name": "Line Item 23",
	"Attribute": "Attribute W",
	"UnitOfMeasure": "UoM",
	"UnitNumber": 723
}, {
	"LineItemID": "LineItemID_24",
	"ObjectID": "ObjectID_9",
	"Name": "Line Item 24",
	"Attribute": "Attribute X",
	"UnitOfMeasure": "UoM",
	"UnitNumber": 427
}, {
	"LineItemID": "LineItemID_25",
	"ObjectID": "ObjectID_9",
	"Name": "Line Item 25",
	"Attribute": "Attribute Y",
	"UnitOfMeasure": "UoM",
	"UnitNumber": 13
}, {
	"LineItemID": "LineItemID_26",
	"ObjectID": "ObjectID_10",
	"Name": "Line Item 26",
	"Attribute": "Attribute Z",
	"UnitOfMeasure": "UoM",
	"UnitNumber": 178
}, {
	"LineItemID": "LineItemID_27",
	"ObjectID": "ObjectID_11",
	"Name": "Line Item 227",
	"Attribute": "Attribute AA",
	"UnitOfMeasure": "UoM",
	"UnitNumber": 457
}, {
	"LineItemID": "LineItemID_28",
	"ObjectID": "ObjectID_11",
	"Name": "Line Item 28",
	"Attribute": "Attribute AB",
	"UnitOfMeasure": "UoM",
	"UnitNumber": 395
}, {
	"LineItemID": "LineItemID_29",
	"ObjectID": "ObjectID_12",
	"Name": "Line Item 29",
	"Attribute": "Attribute AC",
	"UnitOfMeasure": "UoM",
	"UnitNumber": 1379
}, {
	"LineItemID": "LineItemID_30",
	"ObjectID": "ObjectID_13",
	"Name": "Line Item 30",
	"Attribute": "Attribute AD",
	"UnitOfMeasure": "UoM",
	"UnitNumber": 406
}, {
	"LineItemID": "LineItemID_31",
	"ObjectID": "ObjectID_13",
	"Name": "Line Item 31",
	"Attribute": "Attribute AD",
	"UnitOfMeasure": "UoM",
	"UnitNumber": 504
}, {
	"LineItemID": "LineItemID_32",
	"ObjectID": "ObjectID_13",
	"Name": "Line Item 32",
	"Attribute": "Attribute AF",
	"UnitOfMeasure": "UoM",
	"UnitNumber": 483
}, {
	"LineItemID": "LineItemID_33",
	"ObjectID": "ObjectID_14",
	"Name": "Line Item 33",
	"Attribute": "Attribute AG",
	"UnitOfMeasure": "UoM",
	"UnitNumber": 2005
}, {
	"LineItemID": "LineItemID_34",
	"ObjectID": "ObjectID_15",
	"Name": "Line Item 34",
	"Attribute": "Attribute AH",
	"UnitOfMeasure": "UoM",
	"UnitNumber": 5
}, {
	"LineItemID": "LineItemID_35",
	"ObjectID": "ObjectID_16",
	"Name": "Line Item 35",
	"Attribute": "Attribute AI",
	"UnitOfMeasure": "UoM",
	"UnitNumber": 462
}, {
	"LineItemID": "LineItemID_36",
	"ObjectID": "ObjectID_16",
	"Name": "Line Item 36",
	"Attribute": "Attribute AJ",
	"UnitOfMeasure": "UoM",
	"UnitNumber": 237
}, {
	"LineItemID": "LineItemID_37",
	"ObjectID": "ObjectID_17",
	"Name": "Line Item 37",
	"Attribute": "Attribute AK",
	"UnitOfMeasure": "UoM",
	"UnitNumber": 4023
}, {
	"LineItemID": "LineItemID_38",
	"ObjectID": "ObjectID_17",
	"Name": "Line Item 38",
	"Attribute": "Attribute AL",
	"UnitOfMeasure": "UoM",
	"UnitNumber": 42
}, {
	"LineItemID": "LineItemID_39",
	"ObjectID": "ObjectID_18",
	"Name": "Line Item 39",
	"Attribute": "Attribute AM",
	"UnitOfMeasure": "UoM",
	"UnitNumber": 52
}, {
	"LineItemID": "LineItemID_40",
	"ObjectID": "ObjectID_20",
	"Name": "Line Item 40",
	"Attribute": "Attribute AN",
	"UnitOfMeasure": "UoM",
	"UnitNumber": 3
}]