[{
	"ObjectID": "ObjectID_1",
	"Name": "Object 1",
	"Attribute1": "Attribute A",
	"Attribute2": "Attribute B",
	"UnitOfMeasure": "UoM",
	"UnitNumber": 81
}, {
	"ObjectID": "ObjectID_2",
	"Name": "Object 2",
	"Attribute1": "Attribute C",
	"Attribute2": "Attribute D",
	"UnitOfMeasure": "UoM",
	"UnitNumber": 42
}, {
	"ObjectID": "ObjectID_3",
	"Name": "Object 3",
	"Attribute1": "Attribute E",
	"Attribute2": "Attribute F",
	"UnitOfMeasure": "UoM",
	"UnitNumber": 27
}, {
	"ObjectID": "ObjectID_4",
	"Name": "Object 4",
	"Attribute1": "Attribute G",
	"Attribute2": "Attribute H",
	"UnitOfMeasure": "UoM",
	"UnitNumber": 13
}, {
	"ObjectID": "ObjectID_5",
	"Name": "Object 5",
	"Attribute1": "Attribute I",
	"Attribute2": "Attribute J",
	"UnitOfMeasure": "UoM",
	"UnitNumber": 121
}, {
	"ObjectID": "ObjectID_6",
	"Name": "Object 6",
	"Attribute1": "Attribute K",
	"Attribute2": "Attribute L",
	"UnitOfMeasure": "UoM",
	"UnitNumber": 481
}, {
	"ObjectID": "ObjectID_7",
	"Name": "Object 7",
	"Attribute1": "Attribute M",
	"Attribute2": "Attribute N",
	"UnitOfMeasure": "UoM",
	"UnitNumber": 63
}, {
	"ObjectID": "ObjectID_8",
	"Name": "Object 8",
	"Attribute1": "Attribute O",
	"Attribute2": "Attribute P",
	"UnitOfMeasure": "UoM",
	"UnitNumber": 28
}, {
	"ObjectID": "ObjectID_9",
	"Name": "Object 9",
	"Attribute1": "Attribute Q",
	"Attribute2": "Attribute R",
	"UnitOfMeasure": "UoM",
	"UnitNumber": 25
}, {
	"ObjectID": "ObjectID_10",
	"Name": "Object 10",
	"Attribute1": "Attribute S",
	"Attribute2": "Attribute T",
	"UnitOfMeasure": "UoM",
	"UnitNumber": 106
}, {
	"ObjectID": "ObjectID_11",
	"Name": "Object 11",
	"Attribute1": "Attribute U",
	"Attribute2": "Attribute V",
	"UnitOfMeasure": "UoM",
	"UnitNumber": 61
}, {
	"ObjectID": "ObjectID_12",
	"Name": "Object 12",
	"Attribute1": "Attribute W",
	"Attribute2": "Attribute X",
	"UnitOfMeasure": "UoM",
	"UnitNumber": 3006
}, {
	"ObjectID": "ObjectID_13",
	"Name": "Object 13",
	"Attribute1": "Attribute Y",
	"Attribute2": "Attribute Z",
	"UnitOfMeasure": "UoM",
	"UnitNumber": 256
}, {
	"ObjectID": "ObjectID_14",
	"Name": "Object 14",
	"Attribute1": "Attribute AA",
	"Attribute2": "Attribute AB",
	"UnitOfMeasure": "UoM",
	"UnitNumber": 234
}, {
	"ObjectID": "ObjectID_15",
	"Name": "Object 15",
	"Attribute1": "Attribute AC",
	"Attribute2": "Attribute AD",
	"UnitOfMeasure": "UoM",
	"UnitNumber": 34
}, {
	"ObjectID": "ObjectID_16",
	"Name": "Object 16",
	"Attribute1": "Attribute AE",
	"Attribute2": "Attribute AF",
	"UnitOfMeasure": "UoM",
	"UnitNumber": -60
}, {
	"ObjectID": "ObjectID_17",
	"Name": "Object 17",
	"Attribute1": "Attribute AG",
	"Attribute2": "Attribute AH",
	"UnitOfMeasure": "UoM",
	"UnitNumber": 3006
}, {
	"ObjectID": "ObjectID_18",
	"Name": "Object 18",
	"Attribute1": "Attribute AI",
	"Attribute2": "Attribute AJ",
	"UnitOfMeasure": "UoM",
	"UnitNumber": 4587
}, {
	"ObjectID": "ObjectID_19",
	"Name": "Object 19",
	"Attribute1": "Attribute AK",
	"Attribute2": "Attribute AL",
	"UnitOfMeasure": "UoM",
	"UnitNumber": 560
}, {
	"ObjectID": "ObjectID_20",
	"Name": "Object 20",
	"Attribute1": "Attribute AM",
	"Attribute2": "Attribute AN",
	"UnitOfMeasure": "UoM",
	"UnitNumber": 4503
}, {
	"ObjectID": "ObjectID_21",
	"Name": "Object 21",
	"Attribute1": "Attribute AO",
	"Attribute2": "Attribute AP",
	"UnitOfMeasure": "UoM",
	"UnitNumber": 403
}]